,high,low,open,close,volume,exchTimeMs,timeMs,symbol
2020-01-01 00:00:00+00:00,,,,,,,,SHIB-USDT.BN
2020-01-02 00:00:00+00:00,,,,,,,,SHIB-USDT.BN
2020-01-03 00:00:00+00:00,,,,,,,,SHIB-USDT.BN
2020-01-04 00:00:00+00:00,,,,,,,,SHIB-USDT.BN
2020-01-05 00:00:00+00:00,,,,,,,,SHIB-USDT.BN
2020-01-06 00:00:00+00:00,,,,,,,,SHIB-USDT.BN
2020-01-07 00:00:00+00:00,,,,,,,,SHIB-USDT.BN
2020-01-08 00:00:00+00:00,,,,,,,,SHIB-USDT.BN
2020-01-09 00:00:00+00:00,,,,,,,,SHIB-USDT.BN
2020-01-10 00:00:00+00:00,,,,,,,,SHIB-USDT.BN
2020-01-11 00:00:00+00:00,,,,,,,,SHIB-USDT.BN
2020-01-12 00:00:00+00:00,,,,,,,,SHIB-USDT.BN
2020-01-13 00:00:00+00:00,,,,,,,,SHIB-USDT.BN
2020-01-14 00:00:00+00:00,,,,,,,,SHIB-USDT.BN
2020-01-15 00:00:00+00:00,,,,,,,,SHIB-USDT.BN
2020-01-16 00:00:00+00:00,,,,,,,,SHIB-USDT.BN
2020-01-17 00:00:00+00:00,,,,,,,,SHIB-USDT.BN
2020-01-18 00:00:00+00:00,,,,,,,,SHIB-USDT.BN
2020-01-19 00:00:00+00:00,,,,,,,,SHIB-USDT.BN
2020-01-20 00:00:00+00:00,,,,,,,,SHIB-USDT.BN
2020-01-21 00:00:00+00:00,,,,,,,,SHIB-USDT.BN
2020-01-22 00:00:00+00:00,,,,,,,,SHIB-USDT.BN
2020-01-23 00:00:00+00:00,,,,,,,,SHIB-USDT.BN
2020-01-24 00:00:00+00:00,,,,,,,,SHIB-USDT.BN
2020-01-25 00:00:00+00:00,,,,,,,,SHIB-USDT.BN
2020-01-26 00:00:00+00:00,,,,,,,,SHIB-USDT.BN
2020-01-27 00:00:00+00:00,,,,,,,,SHIB-USDT.BN
2020-01-28 00:00:00+00:00,,,,,,,,SHIB-USDT.BN
2020-01-29 00:00:00+00:00,,,,,,,,SHIB-USDT.BN
2020-01-30 00:00:00+00:00,,,,,,,,SHIB-USDT.BN
2020-01-31 00:00:00+00:00,,,,,,,,SHIB-USDT.BN
2020-02-01 00:00:00+00:00,,,,,,,,SHIB-USDT.BN
2020-02-02 00:00:00+00:00,,,,,,,,SHIB-USDT.BN
2020-02-03 00:00:00+00:00,,,,,,,,SHIB-USDT.BN
2020-02-04 00:00:00+00:00,,,,,,,,SHIB-USDT.BN
2020-02-05 00:00:00+00:00,,,,,,,,SHIB-USDT.BN
2020-02-06 00:00:00+00:00,,,,,,,,SHIB-USDT.BN
2020-02-07 00:00:00+00:00,,,,,,,,SHIB-USDT.BN
2020-02-08 00:00:00+00:00,,,,,,,,SHIB-USDT.BN
2020-02-09 00:00:00+00:00,,,,,,,,SHIB-USDT.BN
2020-02-10 00:00:00+00:00,,,,,,,,SHIB-USDT.BN
2020-02-11 00:00:00+00:00,,,,,,,,SHIB-USDT.BN
2020-02-12 00:00:00+00:00,,,,,,,,SHIB-USDT.BN
2020-02-13 00:00:00+00:00,,,,,,,,SHIB-USDT.BN
2020-02-14 00:00:00+00:00,,,,,,,,SHIB-USDT.BN
2020-02-15 00:00:00+00:00,,,,,,,,SHIB-USDT.BN
2020-02-16 00:00:00+00:00,,,,,,,,SHIB-USDT.BN
2020-02-17 00:00:00+00:00,,,,,,,,SHIB-USDT.BN
2020-02-18 00:00:00+00:00,,,,,,,,SHIB-USDT.BN
2020-02-19 00:00:00+00:00,,,,,,,,SHIB-USDT.BN
2020-02-20 00:00:00+00:00,,,,,,,,SHIB-USDT.BN
2020-02-21 00:00:00+00:00,,,,,,,,SHIB-USDT.BN
2020-02-22 00:00:00+00:00,,,,,,,,SHIB-USDT.BN
2020-02-23 00:00:00+00:00,,,,,,,,SHIB-USDT.BN
2020-02-24 00:00:00+00:00,,,,,,,,SHIB-USDT.BN
2020-02-25 00:00:00+00:00,,,,,,,,SHIB-USDT.BN
2020-02-26 00:00:00+00:00,,,,,,,,SHIB-USDT.BN
2020-02-27 00:00:00+00:00,,,,,,,,SHIB-USDT.BN
2020-02-28 00:00:00+00:00,,,,,,,,SHIB-USDT.BN
2020-02-29 00:00:00+00:00,,,,,,,,SHIB-USDT.BN
2020-03-01 00:00:00+00:00,,,,,,,,SHIB-USDT.BN
2020-03-02 00:00:00+00:00,,,,,,,,SHIB-USDT.BN
2020-03-03 00:00:00+00:00,,,,,,,,SHIB-USDT.BN
2020-03-04 00:00:00+00:00,,,,,,,,SHIB-USDT.BN
2020-03-05 00:00:00+00:00,,,,,,,,SHIB-USDT.BN
2020-03-06 00:00:00+00:00,,,,,,,,SHIB-USDT.BN
2020-03-07 00:00:00+00:00,,,,,,,,SHIB-USDT.BN
2020-03-08 00:00:00+00:00,,,,,,,,SHIB-USDT.BN
2020-03-09 00:00:00+00:00,,,,,,,,SHIB-USDT.BN
2020-03-10 00:00:00+00:00,,,,,,,,SHIB-USDT.BN
2020-03-11 00:00:00+00:00,,,,,,,,SHIB-USDT.BN
2020-03-12 00:00:00+00:00,,,,,,,,SHIB-USDT.BN
2020-03-13 00:00:00+00:00,,,,,,,,SHIB-USDT.BN
2020-03-14 00:00:00+00:00,,,,,,,,SHIB-USDT.BN
2020-03-15 00:00:00+00:00,,,,,,,,SHIB-USDT.BN
2020-03-16 00:00:00+00:00,,,,,,,,SHIB-USDT.BN
2020-03-17 00:00:00+00:00,,,,,,,,SHIB-USDT.BN
2020-03-18 00:00:00+00:00,,,,,,,,SHIB-USDT.BN
2020-03-19 00:00:00+00:00,,,,,,,,SHIB-USDT.BN
2020-03-20 00:00:00+00:00,,,,,,,,SHIB-USDT.BN
2020-03-21 00:00:00+00:00,,,,,,,,SHIB-USDT.BN
2020-03-22 00:00:00+00:00,,,,,,,,SHIB-USDT.BN
2020-03-23 00:00:00+00:00,,,,,,,,SHIB-USDT.BN
2020-03-24 00:00:00+00:00,,,,,,,,SHIB-USDT.BN
2020-03-25 00:00:00+00:00,,,,,,,,SHIB-USDT.BN
2020-03-26 00:00:00+00:00,,,,,,,,SHIB-USDT.BN
2020-03-27 00:00:00+00:00,,,,,,,,SHIB-USDT.BN
2020-03-28 00:00:00+00:00,,,,,,,,SHIB-USDT.BN
2020-03-29 00:00:00+00:00,,,,,,,,SHIB-USDT.BN
2020-03-30 00:00:00+00:00,,,,,,,,SHIB-USDT.BN
2020-03-31 00:00:00+00:00,,,,,,,,SHIB-USDT.BN
2020-04-01 00:00:00+00:00,,,,,,,,SHIB-USDT.BN
2020-04-02 00:00:00+00:00,,,,,,,,SHIB-USDT.BN
2020-04-03 00:00:00+00:00,,,,,,,,SHIB-USDT.BN
2020-04-04 00:00:00+00:00,,,,,,,,SHIB-USDT.BN
2020-04-05 00:00:00+00:00,,,,,,,,SHIB-USDT.BN
2020-04-06 00:00:00+00:00,,,,,,,,SHIB-USDT.BN
2020-04-07 00:00:00+00:00,,,,,,,,SHIB-USDT.BN
2020-04-08 00:00:00+00:00,,,,,,,,SHIB-USDT.BN
2020-04-09 00:00:00+00:00,,,,,,,,SHIB-USDT.BN
2020-04-10 00:00:00+00:00,,,,,,,,SHIB-USDT.BN
2020-04-11 00:00:00+00:00,,,,,,,,SHIB-USDT.BN
2020-04-12 00:00:00+00:00,,,,,,,,SHIB-USDT.BN
2020-04-13 00:00:00+00:00,,,,,,,,SHIB-USDT.BN
2020-04-14 00:00:00+00:00,,,,,,,,SHIB-USDT.BN
2020-04-15 00:00:00+00:00,,,,,,,,SHIB-USDT.BN
2020-04-16 00:00:00+00:00,,,,,,,,SHIB-USDT.BN
2020-04-17 00:00:00+00:00,,,,,,,,SHIB-USDT.BN
2020-04-18 00:00:00+00:00,,,,,,,,SHIB-USDT.BN
2020-04-19 00:00:00+00:00,,,,,,,,SHIB-USDT.BN
2020-04-20 00:00:00+00:00,,,,,,,,SHIB-USDT.BN
2020-04-21 00:00:00+00:00,,,,,,,,SHIB-USDT.BN
2020-04-22 00:00:00+00:00,,,,,,,,SHIB-USDT.BN
2020-04-23 00:00:00+00:00,,,,,,,,SHIB-USDT.BN
2020-04-24 00:00:00+00:00,,,,,,,,SHIB-USDT.BN
2020-04-25 00:00:00+00:00,,,,,,,,SHIB-USDT.BN
2020-04-26 00:00:00+00:00,,,,,,,,SHIB-USDT.BN
2020-04-27 00:00:00+00:00,,,,,,,,SHIB-USDT.BN
2020-04-28 00:00:00+00:00,,,,,,,,SHIB-USDT.BN
2020-04-29 00:00:00+00:00,,,,,,,,SHIB-USDT.BN
2020-04-30 00:00:00+00:00,,,,,,,,SHIB-USDT.BN
2020-05-01 00:00:00+00:00,,,,,,,,SHIB-USDT.BN
2020-05-02 00:00:00+00:00,,,,,,,,SHIB-USDT.BN
2020-05-03 00:00:00+00:00,,,,,,,,SHIB-USDT.BN
2020-05-04 00:00:00+00:00,,,,,,,,SHIB-USDT.BN
2020-05-05 00:00:00+00:00,,,,,,,,SHIB-USDT.BN
2020-05-06 00:00:00+00:00,,,,,,,,SHIB-USDT.BN
2020-05-07 00:00:00+00:00,,,,,,,,SHIB-USDT.BN
2020-05-08 00:00:00+00:00,,,,,,,,SHIB-USDT.BN
2020-05-09 00:00:00+00:00,,,,,,,,SHIB-USDT.BN
2020-05-10 00:00:00+00:00,,,,,,,,SHIB-USDT.BN
2020-05-11 00:00:00+00:00,,,,,,,,SHIB-USDT.BN
2020-05-12 00:00:00+00:00,,,,,,,,SHIB-USDT.BN
2020-05-13 00:00:00+00:00,,,,,,,,SHIB-USDT.BN
2020-05-14 00:00:00+00:00,,,,,,,,SHIB-USDT.BN
2020-05-15 00:00:00+00:00,,,,,,,,SHIB-USDT.BN
2020-05-16 00:00:00+00:00,,,,,,,,SHIB-USDT.BN
2020-05-17 00:00:00+00:00,,,,,,,,SHIB-USDT.BN
2020-05-18 00:00:00+00:00,,,,,,,,SHIB-USDT.BN
2020-05-19 00:00:00+00:00,,,,,,,,SHIB-USDT.BN
2020-05-20 00:00:00+00:00,,,,,,,,SHIB-USDT.BN
2020-05-21 00:00:00+00:00,,,,,,,,SHIB-USDT.BN
2020-05-22 00:00:00+00:00,,,,,,,,SHIB-USDT.BN
2020-05-23 00:00:00+00:00,,,,,,,,SHIB-USDT.BN
2020-05-24 00:00:00+00:00,,,,,,,,SHIB-USDT.BN
2020-05-25 00:00:00+00:00,,,,,,,,SHIB-USDT.BN
2020-05-26 00:00:00+00:00,,,,,,,,SHIB-USDT.BN
2020-05-27 00:00:00+00:00,,,,,,,,SHIB-USDT.BN
2020-05-28 00:00:00+00:00,,,,,,,,SHIB-USDT.BN
2020-05-29 00:00:00+00:00,,,,,,,,SHIB-USDT.BN
2020-05-30 00:00:00+00:00,,,,,,,,SHIB-USDT.BN
2020-05-31 00:00:00+00:00,,,,,,,,SHIB-USDT.BN
2020-06-01 00:00:00+00:00,,,,,,,,SHIB-USDT.BN
2020-06-02 00:00:00+00:00,,,,,,,,SHIB-USDT.BN
2020-06-03 00:00:00+00:00,,,,,,,,SHIB-USDT.BN
2020-06-04 00:00:00+00:00,,,,,,,,SHIB-USDT.BN
2020-06-05 00:00:00+00:00,,,,,,,,SHIB-USDT.BN
2020-06-06 00:00:00+00:00,,,,,,,,SHIB-USDT.BN
2020-06-07 00:00:00+00:00,,,,,,,,SHIB-USDT.BN
2020-06-08 00:00:00+00:00,,,,,,,,SHIB-USDT.BN
2020-06-09 00:00:00+00:00,,,,,,,,SHIB-USDT.BN
2020-06-10 00:00:00+00:00,,,,,,,,SHIB-USDT.BN
2020-06-11 00:00:00+00:00,,,,,,,,SHIB-USDT.BN
2020-06-12 00:00:00+00:00,,,,,,,,SHIB-USDT.BN
2020-06-13 00:00:00+00:00,,,,,,,,SHIB-USDT.BN
2020-06-14 00:00:00+00:00,,,,,,,,SHIB-USDT.BN
2020-06-15 00:00:00+00:00,,,,,,,,SHIB-USDT.BN
2020-06-16 00:00:00+00:00,,,,,,,,SHIB-USDT.BN
2020-06-17 00:00:00+00:00,,,,,,,,SHIB-USDT.BN
2020-06-18 00:00:00+00:00,,,,,,,,SHIB-USDT.BN
2020-06-19 00:00:00+00:00,,,,,,,,SHIB-USDT.BN
2020-06-20 00:00:00+00:00,,,,,,,,SHIB-USDT.BN
2020-06-21 00:00:00+00:00,,,,,,,,SHIB-USDT.BN
2020-06-22 00:00:00+00:00,,,,,,,,SHIB-USDT.BN
2020-06-23 00:00:00+00:00,,,,,,,,SHIB-USDT.BN
2020-06-24 00:00:00+00:00,,,,,,,,SHIB-USDT.BN
2020-06-25 00:00:00+00:00,,,,,,,,SHIB-USDT.BN
2020-06-26 00:00:00+00:00,,,,,,,,SHIB-USDT.BN
2020-06-27 00:00:00+00:00,,,,,,,,SHIB-USDT.BN
2020-06-28 00:00:00+00:00,,,,,,,,SHIB-USDT.BN
2020-06-29 00:00:00+00:00,,,,,,,,SHIB-USDT.BN
2020-06-30 00:00:00+00:00,,,,,,,,SHIB-USDT.BN
2020-07-01 00:00:00+00:00,,,,,,,,SHIB-USDT.BN
2020-07-02 00:00:00+00:00,,,,,,,,SHIB-USDT.BN
2020-07-03 00:00:00+00:00,,,,,,,,SHIB-USDT.BN
2020-07-04 00:00:00+00:00,,,,,,,,SHIB-USDT.BN
2020-07-05 00:00:00+00:00,,,,,,,,SHIB-USDT.BN
2020-07-06 00:00:00+00:00,,,,,,,,SHIB-USDT.BN
2020-07-07 00:00:00+00:00,,,,,,,,SHIB-USDT.BN
2020-07-08 00:00:00+00:00,,,,,,,,SHIB-USDT.BN
2020-07-09 00:00:00+00:00,,,,,,,,SHIB-USDT.BN
2020-07-10 00:00:00+00:00,,,,,,,,SHIB-USDT.BN
2020-07-11 00:00:00+00:00,,,,,,,,SHIB-USDT.BN
2020-07-12 00:00:00+00:00,,,,,,,,SHIB-USDT.BN
2020-07-13 00:00:00+00:00,,,,,,,,SHIB-USDT.BN
2020-07-14 00:00:00+00:00,,,,,,,,SHIB-USDT.BN
2020-07-15 00:00:00+00:00,,,,,,,,SHIB-USDT.BN
2020-07-16 00:00:00+00:00,,,,,,,,SHIB-USDT.BN
2020-07-17 00:00:00+00:00,,,,,,,,SHIB-USDT.BN
2020-07-18 00:00:00+00:00,,,,,,,,SHIB-USDT.BN
2020-07-19 00:00:00+00:00,,,,,,,,SHIB-USDT.BN
2020-07-20 00:00:00+00:00,,,,,,,,SHIB-USDT.BN
2020-07-21 00:00:00+00:00,,,,,,,,SHIB-USDT.BN
2020-07-22 00:00:00+00:00,,,,,,,,SHIB-USDT.BN
2020-07-23 00:00:00+00:00,,,,,,,,SHIB-USDT.BN
2020-07-24 00:00:00+00:00,,,,,,,,SHIB-USDT.BN
2020-07-25 00:00:00+00:00,,,,,,,,SHIB-USDT.BN
2020-07-26 00:00:00+00:00,,,,,,,,SHIB-USDT.BN
2020-07-27 00:00:00+00:00,,,,,,,,SHIB-USDT.BN
2020-07-28 00:00:00+00:00,,,,,,,,SHIB-USDT.BN
2020-07-29 00:00:00+00:00,,,,,,,,SHIB-USDT.BN
2020-07-30 00:00:00+00:00,,,,,,,,SHIB-USDT.BN
2020-07-31 00:00:00+00:00,,,,,,,,SHIB-USDT.BN
2020-08-01 00:00:00+00:00,,,,,,,,SHIB-USDT.BN
2020-08-02 00:00:00+00:00,,,,,,,,SHIB-USDT.BN
2020-08-03 00:00:00+00:00,,,,,,,,SHIB-USDT.BN
2020-08-04 00:00:00+00:00,,,,,,,,SHIB-USDT.BN
2020-08-05 00:00:00+00:00,,,,,,,,SHIB-USDT.BN
2020-08-06 00:00:00+00:00,,,,,,,,SHIB-USDT.BN
2020-08-07 00:00:00+00:00,,,,,,,,SHIB-USDT.BN
2020-08-08 00:00:00+00:00,,,,,,,,SHIB-USDT.BN
2020-08-09 00:00:00+00:00,,,,,,,,SHIB-USDT.BN
2020-08-10 00:00:00+00:00,,,,,,,,SHIB-USDT.BN
2020-08-11 00:00:00+00:00,,,,,,,,SHIB-USDT.BN
2020-08-12 00:00:00+00:00,,,,,,,,SHIB-USDT.BN
2020-08-13 00:00:00+00:00,,,,,,,,SHIB-USDT.BN
2020-08-14 00:00:00+00:00,,,,,,,,SHIB-USDT.BN
2020-08-15 00:00:00+00:00,,,,,,,,SHIB-USDT.BN
2020-08-16 00:00:00+00:00,,,,,,,,SHIB-USDT.BN
2020-08-17 00:00:00+00:00,,,,,,,,SHIB-USDT.BN
2020-08-18 00:00:00+00:00,,,,,,,,SHIB-USDT.BN
2020-08-19 00:00:00+00:00,,,,,,,,SHIB-USDT.BN
2020-08-20 00:00:00+00:00,,,,,,,,SHIB-USDT.BN
2020-08-21 00:00:00+00:00,,,,,,,,SHIB-USDT.BN
2020-08-22 00:00:00+00:00,,,,,,,,SHIB-USDT.BN
2020-08-23 00:00:00+00:00,,,,,,,,SHIB-USDT.BN
2020-08-24 00:00:00+00:00,,,,,,,,SHIB-USDT.BN
2020-08-25 00:00:00+00:00,,,,,,,,SHIB-USDT.BN
2020-08-26 00:00:00+00:00,,,,,,,,SHIB-USDT.BN
2020-08-27 00:00:00+00:00,,,,,,,,SHIB-USDT.BN
2020-08-28 00:00:00+00:00,,,,,,,,SHIB-USDT.BN
2020-08-29 00:00:00+00:00,,,,,,,,SHIB-USDT.BN
2020-08-30 00:00:00+00:00,,,,,,,,SHIB-USDT.BN
2020-08-31 00:00:00+00:00,,,,,,,,SHIB-USDT.BN
2020-09-01 00:00:00+00:00,,,,,,,,SHIB-USDT.BN
2020-09-02 00:00:00+00:00,,,,,,,,SHIB-USDT.BN
2020-09-03 00:00:00+00:00,,,,,,,,SHIB-USDT.BN
2020-09-04 00:00:00+00:00,,,,,,,,SHIB-USDT.BN
2020-09-05 00:00:00+00:00,,,,,,,,SHIB-USDT.BN
2020-09-06 00:00:00+00:00,,,,,,,,SHIB-USDT.BN
2020-09-07 00:00:00+00:00,,,,,,,,SHIB-USDT.BN
2020-09-08 00:00:00+00:00,,,,,,,,SHIB-USDT.BN
2020-09-09 00:00:00+00:00,,,,,,,,SHIB-USDT.BN
2020-09-10 00:00:00+00:00,,,,,,,,SHIB-USDT.BN
2020-09-11 00:00:00+00:00,,,,,,,,SHIB-USDT.BN
2020-09-12 00:00:00+00:00,,,,,,,,SHIB-USDT.BN
2020-09-13 00:00:00+00:00,,,,,,,,SHIB-USDT.BN
2020-09-14 00:00:00+00:00,,,,,,,,SHIB-USDT.BN
2020-09-15 00:00:00+00:00,,,,,,,,SHIB-USDT.BN
2020-09-16 00:00:00+00:00,,,,,,,,SHIB-USDT.BN
2020-09-17 00:00:00+00:00,,,,,,,,SHIB-USDT.BN
2020-09-18 00:00:00+00:00,,,,,,,,SHIB-USDT.BN
2020-09-19 00:00:00+00:00,,,,,,,,SHIB-USDT.BN
2020-09-20 00:00:00+00:00,,,,,,,,SHIB-USDT.BN
2020-09-21 00:00:00+00:00,,,,,,,,SHIB-USDT.BN
2020-09-22 00:00:00+00:00,,,,,,,,SHIB-USDT.BN
2020-09-23 00:00:00+00:00,,,,,,,,SHIB-USDT.BN
2020-09-24 00:00:00+00:00,,,,,,,,SHIB-USDT.BN
2020-09-25 00:00:00+00:00,,,,,,,,SHIB-USDT.BN
2020-09-26 00:00:00+00:00,,,,,,,,SHIB-USDT.BN
2020-09-27 00:00:00+00:00,,,,,,,,SHIB-USDT.BN
2020-09-28 00:00:00+00:00,,,,,,,,SHIB-USDT.BN
2020-09-29 00:00:00+00:00,,,,,,,,SHIB-USDT.BN
2020-09-30 00:00:00+00:00,,,,,,,,SHIB-USDT.BN
2020-10-01 00:00:00+00:00,,,,,,,,SHIB-USDT.BN
2020-10-02 00:00:00+00:00,,,,,,,,SHIB-USDT.BN
2020-10-03 00:00:00+00:00,,,,,,,,SHIB-USDT.BN
2020-10-04 00:00:00+00:00,,,,,,,,SHIB-USDT.BN
2020-10-05 00:00:00+00:00,,,,,,,,SHIB-USDT.BN
2020-10-06 00:00:00+00:00,,,,,,,,SHIB-USDT.BN
2020-10-07 00:00:00+00:00,,,,,,,,SHIB-USDT.BN
2020-10-08 00:00:00+00:00,,,,,,,,SHIB-USDT.BN
2020-10-09 00:00:00+00:00,,,,,,,,SHIB-USDT.BN
2020-10-10 00:00:00+00:00,,,,,,,,SHIB-USDT.BN
2020-10-11 00:00:00+00:00,,,,,,,,SHIB-USDT.BN
2020-10-12 00:00:00+00:00,,,,,,,,SHIB-USDT.BN
2020-10-13 00:00:00+00:00,,,,,,,,SHIB-USDT.BN
2020-10-14 00:00:00+00:00,,,,,,,,SHIB-USDT.BN
2020-10-15 00:00:00+00:00,,,,,,,,SHIB-USDT.BN
2020-10-16 00:00:00+00:00,,,,,,,,SHIB-USDT.BN
2020-10-17 00:00:00+00:00,,,,,,,,SHIB-USDT.BN
2020-10-18 00:00:00+00:00,,,,,,,,SHIB-USDT.BN
2020-10-19 00:00:00+00:00,,,,,,,,SHIB-USDT.BN
2020-10-20 00:00:00+00:00,,,,,,,,SHIB-USDT.BN
2020-10-21 00:00:00+00:00,,,,,,,,SHIB-USDT.BN
2020-10-22 00:00:00+00:00,,,,,,,,SHIB-USDT.BN
2020-10-23 00:00:00+00:00,,,,,,,,SHIB-USDT.BN
2020-10-24 00:00:00+00:00,,,,,,,,SHIB-USDT.BN
2020-10-25 00:00:00+00:00,,,,,,,,SHIB-USDT.BN
2020-10-26 00:00:00+00:00,,,,,,,,SHIB-USDT.BN
2020-10-27 00:00:00+00:00,,,,,,,,SHIB-USDT.BN
2020-10-28 00:00:00+00:00,,,,,,,,SHIB-USDT.BN
2020-10-29 00:00:00+00:00,,,,,,,,SHIB-USDT.BN
2020-10-30 00:00:00+00:00,,,,,,,,SHIB-USDT.BN
2020-10-31 00:00:00+00:00,,,,,,,,SHIB-USDT.BN
2020-11-01 00:00:00+00:00,,,,,,,,SHIB-USDT.BN
2020-11-02 00:00:00+00:00,,,,,,,,SHIB-USDT.BN
2020-11-03 00:00:00+00:00,,,,,,,,SHIB-USDT.BN
2020-11-04 00:00:00+00:00,,,,,,,,SHIB-USDT.BN
2020-11-05 00:00:00+00:00,,,,,,,,SHIB-USDT.BN
2020-11-06 00:00:00+00:00,,,,,,,,SHIB-USDT.BN
2020-11-07 00:00:00+00:00,,,,,,,,SHIB-USDT.BN
2020-11-08 00:00:00+00:00,,,,,,,,SHIB-USDT.BN
2020-11-09 00:00:00+00:00,,,,,,,,SHIB-USDT.BN
2020-11-10 00:00:00+00:00,,,,,,,,SHIB-USDT.BN
2020-11-11 00:00:00+00:00,,,,,,,,SHIB-USDT.BN
2020-11-12 00:00:00+00:00,,,,,,,,SHIB-USDT.BN
2020-11-13 00:00:00+00:00,,,,,,,,SHIB-USDT.BN
2020-11-14 00:00:00+00:00,,,,,,,,SHIB-USDT.BN
2020-11-15 00:00:00+00:00,,,,,,,,SHIB-USDT.BN
2020-11-16 00:00:00+00:00,,,,,,,,SHIB-USDT.BN
2020-11-17 00:00:00+00:00,,,,,,,,SHIB-USDT.BN
2020-11-18 00:00:00+00:00,,,,,,,,SHIB-USDT.BN
2020-11-19 00:00:00+00:00,,,,,,,,SHIB-USDT.BN
2020-11-20 00:00:00+00:00,,,,,,,,SHIB-USDT.BN
2020-11-21 00:00:00+00:00,,,,,,,,SHIB-USDT.BN
2020-11-22 00:00:00+00:00,,,,,,,,SHIB-USDT.BN
2020-11-23 00:00:00+00:00,,,,,,,,SHIB-USDT.BN
2020-11-24 00:00:00+00:00,,,,,,,,SHIB-USDT.BN
2020-11-25 00:00:00+00:00,,,,,,,,SHIB-USDT.BN
2020-11-26 00:00:00+00:00,,,,,,,,SHIB-USDT.BN
2020-11-27 00:00:00+00:00,,,,,,,,SHIB-USDT.BN
2020-11-28 00:00:00+00:00,,,,,,,,SHIB-USDT.BN
2020-11-29 00:00:00+00:00,,,,,,,,SHIB-USDT.BN
2020-11-30 00:00:00+00:00,,,,,,,,SHIB-USDT.BN
2020-12-01 00:00:00+00:00,,,,,,,,SHIB-USDT.BN
2020-12-02 00:00:00+00:00,,,,,,,,SHIB-USDT.BN
2020-12-03 00:00:00+00:00,,,,,,,,SHIB-USDT.BN
2020-12-04 00:00:00+00:00,,,,,,,,SHIB-USDT.BN
2020-12-05 00:00:00+00:00,,,,,,,,SHIB-USDT.BN
2020-12-06 00:00:00+00:00,,,,,,,,SHIB-USDT.BN
2020-12-07 00:00:00+00:00,,,,,,,,SHIB-USDT.BN
2020-12-08 00:00:00+00:00,,,,,,,,SHIB-USDT.BN
2020-12-09 00:00:00+00:00,,,,,,,,SHIB-USDT.BN
2020-12-10 00:00:00+00:00,,,,,,,,SHIB-USDT.BN
2020-12-11 00:00:00+00:00,,,,,,,,SHIB-USDT.BN
2020-12-12 00:00:00+00:00,,,,,,,,SHIB-USDT.BN
2020-12-13 00:00:00+00:00,,,,,,,,SHIB-USDT.BN
2020-12-14 00:00:00+00:00,,,,,,,,SHIB-USDT.BN
2020-12-15 00:00:00+00:00,,,,,,,,SHIB-USDT.BN
2020-12-16 00:00:00+00:00,,,,,,,,SHIB-USDT.BN
2020-12-17 00:00:00+00:00,,,,,,,,SHIB-USDT.BN
2020-12-18 00:00:00+00:00,,,,,,,,SHIB-USDT.BN
2020-12-19 00:00:00+00:00,,,,,,,,SHIB-USDT.BN
2020-12-20 00:00:00+00:00,,,,,,,,SHIB-USDT.BN
2020-12-21 00:00:00+00:00,,,,,,,,SHIB-USDT.BN
2020-12-22 00:00:00+00:00,,,,,,,,SHIB-USDT.BN
2020-12-23 00:00:00+00:00,,,,,,,,SHIB-USDT.BN
2020-12-24 00:00:00+00:00,,,,,,,,SHIB-USDT.BN
2020-12-25 00:00:00+00:00,,,,,,,,SHIB-USDT.BN
2020-12-26 00:00:00+00:00,,,,,,,,SHIB-USDT.BN
2020-12-27 00:00:00+00:00,,,,,,,,SHIB-USDT.BN
2020-12-28 00:00:00+00:00,,,,,,,,SHIB-USDT.BN
2020-12-29 00:00:00+00:00,,,,,,,,SHIB-USDT.BN
2020-12-30 00:00:00+00:00,,,,,,,,SHIB-USDT.BN
2020-12-31 00:00:00+00:00,,,,,,,,SHIB-USDT.BN
2021-01-01 00:00:00+00:00,,,,,,,,SHIB-USDT.BN
2021-01-02 00:00:00+00:00,,,,,,,,SHIB-USDT.BN
2021-01-03 00:00:00+00:00,,,,,,,,SHIB-USDT.BN
2021-01-04 00:00:00+00:00,,,,,,,,SHIB-USDT.BN
2021-01-05 00:00:00+00:00,,,,,,,,SHIB-USDT.BN
2021-01-06 00:00:00+00:00,,,,,,,,SHIB-USDT.BN
2021-01-07 00:00:00+00:00,,,,,,,,SHIB-USDT.BN
2021-01-08 00:00:00+00:00,,,,,,,,SHIB-USDT.BN
2021-01-09 00:00:00+00:00,,,,,,,,SHIB-USDT.BN
2021-01-10 00:00:00+00:00,,,,,,,,SHIB-USDT.BN
2021-01-11 00:00:00+00:00,,,,,,,,SHIB-USDT.BN
2021-01-12 00:00:00+00:00,,,,,,,,SHIB-USDT.BN
2021-01-13 00:00:00+00:00,,,,,,,,SHIB-USDT.BN
2021-01-14 00:00:00+00:00,,,,,,,,SHIB-USDT.BN
2021-01-15 00:00:00+00:00,,,,,,,,SHIB-USDT.BN
2021-01-16 00:00:00+00:00,,,,,,,,SHIB-USDT.BN
2021-01-17 00:00:00+00:00,,,,,,,,SHIB-USDT.BN
2021-01-18 00:00:00+00:00,,,,,,,,SHIB-USDT.BN
2021-01-19 00:00:00+00:00,,,,,,,,SHIB-USDT.BN
2021-01-20 00:00:00+00:00,,,,,,,,SHIB-USDT.BN
2021-01-21 00:00:00+00:00,,,,,,,,SHIB-USDT.BN
2021-01-22 00:00:00+00:00,,,,,,,,SHIB-USDT.BN
2021-01-23 00:00:00+00:00,,,,,,,,SHIB-USDT.BN
2021-01-24 00:00:00+00:00,,,,,,,,SHIB-USDT.BN
2021-01-25 00:00:00+00:00,,,,,,,,SHIB-USDT.BN
2021-01-26 00:00:00+00:00,,,,,,,,SHIB-USDT.BN
2021-01-27 00:00:00+00:00,,,,,,,,SHIB-USDT.BN
2021-01-28 00:00:00+00:00,,,,,,,,SHIB-USDT.BN
2021-01-29 00:00:00+00:00,,,,,,,,SHIB-USDT.BN
2021-01-30 00:00:00+00:00,,,,,,,,SHIB-USDT.BN
2021-01-31 00:00:00+00:00,,,,,,,,SHIB-USDT.BN
2021-02-01 00:00:00+00:00,,,,,,,,SHIB-USDT.BN
2021-02-02 00:00:00+00:00,,,,,,,,SHIB-USDT.BN
2021-02-03 00:00:00+00:00,,,,,,,,SHIB-USDT.BN
2021-02-04 00:00:00+00:00,,,,,,,,SHIB-USDT.BN
2021-02-05 00:00:00+00:00,,,,,,,,SHIB-USDT.BN
2021-02-06 00:00:00+00:00,,,,,,,,SHIB-USDT.BN
2021-02-07 00:00:00+00:00,,,,,,,,SHIB-USDT.BN
2021-02-08 00:00:00+00:00,,,,,,,,SHIB-USDT.BN
2021-02-09 00:00:00+00:00,,,,,,,,SHIB-USDT.BN
2021-02-10 00:00:00+00:00,,,,,,,,SHIB-USDT.BN
2021-02-11 00:00:00+00:00,,,,,,,,SHIB-USDT.BN
2021-02-12 00:00:00+00:00,,,,,,,,SHIB-USDT.BN
2021-02-13 00:00:00+00:00,,,,,,,,SHIB-USDT.BN
2021-02-14 00:00:00+00:00,,,,,,,,SHIB-USDT.BN
2021-02-15 00:00:00+00:00,,,,,,,,SHIB-USDT.BN
2021-02-16 00:00:00+00:00,,,,,,,,SHIB-USDT.BN
2021-02-17 00:00:00+00:00,,,,,,,,SHIB-USDT.BN
2021-02-18 00:00:00+00:00,,,,,,,,SHIB-USDT.BN
2021-02-19 00:00:00+00:00,,,,,,,,SHIB-USDT.BN
2021-02-20 00:00:00+00:00,,,,,,,,SHIB-USDT.BN
2021-02-21 00:00:00+00:00,,,,,,,,SHIB-USDT.BN
2021-02-22 00:00:00+00:00,,,,,,,,SHIB-USDT.BN
2021-02-23 00:00:00+00:00,,,,,,,,SHIB-USDT.BN
2021-02-24 00:00:00+00:00,,,,,,,,SHIB-USDT.BN
2021-02-25 00:00:00+00:00,,,,,,,,SHIB-USDT.BN
2021-02-26 00:00:00+00:00,,,,,,,,SHIB-USDT.BN
2021-02-27 00:00:00+00:00,,,,,,,,SHIB-USDT.BN
2021-02-28 00:00:00+00:00,,,,,,,,SHIB-USDT.BN
2021-03-01 00:00:00+00:00,,,,,,,,SHIB-USDT.BN
2021-03-02 00:00:00+00:00,,,,,,,,SHIB-USDT.BN
2021-03-03 00:00:00+00:00,,,,,,,,SHIB-USDT.BN
2021-03-04 00:00:00+00:00,,,,,,,,SHIB-USDT.BN
2021-03-05 00:00:00+00:00,,,,,,,,SHIB-USDT.BN
2021-03-06 00:00:00+00:00,,,,,,,,SHIB-USDT.BN
2021-03-07 00:00:00+00:00,,,,,,,,SHIB-USDT.BN
2021-03-08 00:00:00+00:00,,,,,,,,SHIB-USDT.BN
2021-03-09 00:00:00+00:00,,,,,,,,SHIB-USDT.BN
2021-03-10 00:00:00+00:00,,,,,,,,SHIB-USDT.BN
2021-03-11 00:00:00+00:00,,,,,,,,SHIB-USDT.BN
2021-03-12 00:00:00+00:00,,,,,,,,SHIB-USDT.BN
2021-03-13 00:00:00+00:00,,,,,,,,SHIB-USDT.BN
2021-03-14 00:00:00+00:00,,,,,,,,SHIB-USDT.BN
2021-03-15 00:00:00+00:00,,,,,,,,SHIB-USDT.BN
2021-03-16 00:00:00+00:00,,,,,,,,SHIB-USDT.BN
2021-03-17 00:00:00+00:00,,,,,,,,SHIB-USDT.BN
2021-03-18 00:00:00+00:00,,,,,,,,SHIB-USDT.BN
2021-03-19 00:00:00+00:00,,,,,,,,SHIB-USDT.BN
2021-03-20 00:00:00+00:00,,,,,,,,SHIB-USDT.BN
2021-03-21 00:00:00+00:00,,,,,,,,SHIB-USDT.BN
2021-03-22 00:00:00+00:00,,,,,,,,SHIB-USDT.BN
2021-03-23 00:00:00+00:00,,,,,,,,SHIB-USDT.BN
2021-03-24 00:00:00+00:00,,,,,,,,SHIB-USDT.BN
2021-03-25 00:00:00+00:00,,,,,,,,SHIB-USDT.BN
2021-03-26 00:00:00+00:00,,,,,,,,SHIB-USDT.BN
2021-03-27 00:00:00+00:00,,,,,,,,SHIB-USDT.BN
2021-03-28 00:00:00+00:00,,,,,,,,SHIB-USDT.BN
2021-03-29 00:00:00+00:00,,,,,,,,SHIB-USDT.BN
2021-03-30 00:00:00+00:00,,,,,,,,SHIB-USDT.BN
2021-03-31 00:00:00+00:00,,,,,,,,SHIB-USDT.BN
2021-04-01 00:00:00+00:00,,,,,,,,SHIB-USDT.BN
2021-04-02 00:00:00+00:00,,,,,,,,SHIB-USDT.BN
2021-04-03 00:00:00+00:00,,,,,,,,SHIB-USDT.BN
2021-04-04 00:00:00+00:00,,,,,,,,SHIB-USDT.BN
2021-04-05 00:00:00+00:00,,,,,,,,SHIB-USDT.BN
2021-04-06 00:00:00+00:00,,,,,,,,SHIB-USDT.BN
2021-04-07 00:00:00+00:00,,,,,,,,SHIB-USDT.BN
2021-04-08 00:00:00+00:00,,,,,,,,SHIB-USDT.BN
2021-04-09 00:00:00+00:00,,,,,,,,SHIB-USDT.BN
2021-04-10 00:00:00+00:00,,,,,,,,SHIB-USDT.BN
2021-04-11 00:00:00+00:00,,,,,,,,SHIB-USDT.BN
2021-04-12 00:00:00+00:00,,,,,,,,SHIB-USDT.BN
2021-04-13 00:00:00+00:00,,,,,,,,SHIB-USDT.BN
2021-04-14 00:00:00+00:00,,,,,,,,SHIB-USDT.BN
2021-04-15 00:00:00+00:00,,,,,,,,SHIB-USDT.BN
2021-04-16 00:00:00+00:00,,,,,,,,SHIB-USDT.BN
2021-04-17 00:00:00+00:00,,,,,,,,SHIB-USDT.BN
2021-04-18 00:00:00+00:00,,,,,,,,SHIB-USDT.BN
2021-04-19 00:00:00+00:00,,,,,,,,SHIB-USDT.BN
2021-04-20 00:00:00+00:00,,,,,,,,SHIB-USDT.BN
2021-04-21 00:00:00+00:00,,,,,,,,SHIB-USDT.BN
2021-04-22 00:00:00+00:00,,,,,,,,SHIB-USDT.BN
2021-04-23 00:00:00+00:00,,,,,,,,SHIB-USDT.BN
2021-04-24 00:00:00+00:00,,,,,,,,SHIB-USDT.BN
2021-04-25 00:00:00+00:00,,,,,,,,SHIB-USDT.BN
2021-04-26 00:00:00+00:00,,,,,,,,SHIB-USDT.BN
2021-04-27 00:00:00+00:00,,,,,,,,SHIB-USDT.BN
2021-04-28 00:00:00+00:00,,,,,,,,SHIB-USDT.BN
2021-04-29 00:00:00+00:00,,,,,,,,SHIB-USDT.BN
2021-04-30 00:00:00+00:00,,,,,,,,SHIB-USDT.BN
2021-05-01 00:00:00+00:00,,,,,,,,SHIB-USDT.BN
2021-05-02 00:00:00+00:00,,,,,,,,SHIB-USDT.BN
2021-05-03 00:00:00+00:00,,,,,,,,SHIB-USDT.BN
2021-05-04 00:00:00+00:00,,,,,,,,SHIB-USDT.BN
2021-05-05 00:00:00+00:00,,,,,,,,SHIB-USDT.BN
2021-05-06 00:00:00+00:00,,,,,,,,SHIB-USDT.BN
2021-05-07 00:00:00+00:00,,,,,,,,SHIB-USDT.BN
2021-05-08 00:00:00+00:00,,,,,,,,SHIB-USDT.BN
2021-05-09 00:00:00+00:00,,,,,,,,SHIB-USDT.BN
2021-05-10 00:00:00+00:00,,,,,,,,SHIB-USDT.BN
2021-05-11 00:00:00+00:00,,,,,,,,SHIB-USDT.BN
2021-05-12 00:00:00+00:00,,,,,,,,SHIB-USDT.BN
2021-05-13 00:00:00+00:00,,,,,,,,SHIB-USDT.BN
2021-05-14 00:00:00+00:00,,,,,,,,SHIB-USDT.BN
2021-05-15 00:00:00+00:00,,,,,,,,SHIB-USDT.BN
2021-05-16 00:00:00+00:00,,,,,,,,SHIB-USDT.BN
2021-05-17 00:00:00+00:00,,,,,,,,SHIB-USDT.BN
2021-05-18 00:00:00+00:00,,,,,,,,SHIB-USDT.BN
2021-05-19 00:00:00+00:00,,,,,,,,SHIB-USDT.BN
2021-05-20 00:00:00+00:00,,,,,,,,SHIB-USDT.BN
2021-05-21 00:00:00+00:00,,,,,,,,SHIB-USDT.BN
2021-05-22 00:00:00+00:00,,,,,,,,SHIB-USDT.BN
2021-05-23 00:00:00+00:00,,,,,,,,SHIB-USDT.BN
2021-05-24 00:00:00+00:00,,,,,,,,SHIB-USDT.BN
2021-05-25 00:00:00+00:00,,,,,,,,SHIB-USDT.BN
2021-05-26 00:00:00+00:00,,,,,,,,SHIB-USDT.BN
2021-05-27 00:00:00+00:00,,,,,,,,SHIB-USDT.BN
2021-05-28 00:00:00+00:00,,,,,,,,SHIB-USDT.BN
2021-05-29 00:00:00+00:00,,,,,,,,SHIB-USDT.BN
2021-05-30 00:00:00+00:00,,,,,,,,SHIB-USDT.BN
2021-05-31 00:00:00+00:00,,,,,,,,SHIB-USDT.BN
2021-06-01 00:00:00+00:00,,,,,,,,SHIB-USDT.BN
2021-06-02 00:00:00+00:00,,,,,,,,SHIB-USDT.BN
2021-06-03 00:00:00+00:00,,,,,,,,SHIB-USDT.BN
2021-06-04 00:00:00+00:00,,,,,,,,SHIB-USDT.BN
2021-06-05 00:00:00+00:00,,,,,,,,SHIB-USDT.BN
2021-06-06 00:00:00+00:00,,,,,,,,SHIB-USDT.BN
2021-06-07 00:00:00+00:00,,,,,,,,SHIB-USDT.BN
2021-06-08 00:00:00+00:00,,,,,,,,SHIB-USDT.BN
2021-06-09 00:00:00+00:00,,,,,,,,SHIB-USDT.BN
2021-06-10 00:00:00+00:00,,,,,,,,SHIB-USDT.BN
2021-06-11 00:00:00+00:00,,,,,,,,SHIB-USDT.BN
2021-06-12 00:00:00+00:00,,,,,,,,SHIB-USDT.BN
2021-06-13 00:00:00+00:00,,,,,,,,SHIB-USDT.BN
2021-06-14 00:00:00+00:00,,,,,,,,SHIB-USDT.BN
2021-06-15 00:00:00+00:00,,,,,,,,SHIB-USDT.BN
2021-06-16 00:00:00+00:00,,,,,,,,SHIB-USDT.BN
2021-06-17 00:00:00+00:00,,,,,,,,SHIB-USDT.BN
2021-06-18 00:00:00+00:00,,,,,,,,SHIB-USDT.BN
2021-06-19 00:00:00+00:00,,,,,,,,SHIB-USDT.BN
2021-06-20 00:00:00+00:00,,,,,,,,SHIB-USDT.BN
2021-06-21 00:00:00+00:00,,,,,,,,SHIB-USDT.BN
2021-06-22 00:00:00+00:00,,,,,,,,SHIB-USDT.BN
2021-06-23 00:00:00+00:00,,,,,,,,SHIB-USDT.BN
2021-06-24 00:00:00+00:00,,,,,,,,SHIB-USDT.BN
2021-06-25 00:00:00+00:00,,,,,,,,SHIB-USDT.BN
2021-06-26 00:00:00+00:00,,,,,,,,SHIB-USDT.BN
2021-06-27 00:00:00+00:00,,,,,,,,SHIB-USDT.BN
2021-06-28 00:00:00+00:00,,,,,,,,SHIB-USDT.BN
2021-06-29 00:00:00+00:00,,,,,,,,SHIB-USDT.BN
2021-06-30 00:00:00+00:00,,,,,,,,SHIB-USDT.BN
2021-07-01 00:00:00+00:00,,,,,,,,SHIB-USDT.BN
2021-07-02 00:00:00+00:00,,,,,,,,SHIB-USDT.BN
2021-07-03 00:00:00+00:00,,,,,,,,SHIB-USDT.BN
2021-07-04 00:00:00+00:00,,,,,,,,SHIB-USDT.BN
2021-07-05 00:00:00+00:00,,,,,,,,SHIB-USDT.BN
2021-07-06 00:00:00+00:00,,,,,,,,SHIB-USDT.BN
2021-07-07 00:00:00+00:00,,,,,,,,SHIB-USDT.BN
2021-07-08 00:00:00+00:00,,,,,,,,SHIB-USDT.BN
2021-07-09 00:00:00+00:00,,,,,,,,SHIB-USDT.BN
2021-07-10 00:00:00+00:00,,,,,,,,SHIB-USDT.BN
2021-07-11 00:00:00+00:00,,,,,,,,SHIB-USDT.BN
2021-07-12 00:00:00+00:00,,,,,,,,SHIB-USDT.BN
2021-07-13 00:00:00+00:00,,,,,,,,SHIB-USDT.BN
2021-07-14 00:00:00+00:00,,,,,,,,SHIB-USDT.BN
2021-07-15 00:00:00+00:00,,,,,,,,SHIB-USDT.BN
2021-07-16 00:00:00+00:00,,,,,,,,SHIB-USDT.BN
2021-07-17 00:00:00+00:00,,,,,,,,SHIB-USDT.BN
2021-07-18 00:00:00+00:00,,,,,,,,SHIB-USDT.BN
2021-07-19 00:00:00+00:00,,,,,,,,SHIB-USDT.BN
2021-07-20 00:00:00+00:00,,,,,,,,SHIB-USDT.BN
2021-07-21 00:00:00+00:00,,,,,,,,SHIB-USDT.BN
2021-07-22 00:00:00+00:00,,,,,,,,SHIB-USDT.BN
2021-07-23 00:00:00+00:00,,,,,,,,SHIB-USDT.BN
2021-07-24 00:00:00+00:00,,,,,,,,SHIB-USDT.BN
2021-07-25 00:00:00+00:00,,,,,,,,SHIB-USDT.BN
2021-07-26 00:00:00+00:00,,,,,,,,SHIB-USDT.BN
2021-07-27 00:00:00+00:00,,,,,,,,SHIB-USDT.BN
2021-07-28 00:00:00+00:00,,,,,,,,SHIB-USDT.BN
2021-07-29 00:00:00+00:00,,,,,,,,SHIB-USDT.BN
2021-07-30 00:00:00+00:00,,,,,,,,SHIB-USDT.BN
2021-07-31 00:00:00+00:00,,,,,,,,SHIB-USDT.BN
2021-08-01 00:00:00+00:00,,,,,,,,SHIB-USDT.BN
2021-08-02 00:00:00+00:00,,,,,,,,SHIB-USDT.BN
2021-08-03 00:00:00+00:00,,,,,,,,SHIB-USDT.BN
2021-08-04 00:00:00+00:00,,,,,,,,SHIB-USDT.BN
2021-08-05 00:00:00+00:00,,,,,,,,SHIB-USDT.BN
2021-08-06 00:00:00+00:00,,,,,,,,SHIB-USDT.BN
2021-08-07 00:00:00+00:00,,,,,,,,SHIB-USDT.BN
2021-08-08 00:00:00+00:00,,,,,,,,SHIB-USDT.BN
2021-08-09 00:00:00+00:00,,,,,,,,SHIB-USDT.BN
2021-08-10 00:00:00+00:00,,,,,,,,SHIB-USDT.BN
2021-08-11 00:00:00+00:00,,,,,,,,SHIB-USDT.BN
2021-08-12 00:00:00+00:00,,,,,,,,SHIB-USDT.BN
2021-08-13 00:00:00+00:00,,,,,,,,SHIB-USDT.BN
2021-08-14 00:00:00+00:00,,,,,,,,SHIB-USDT.BN
2021-08-15 00:00:00+00:00,,,,,,,,SHIB-USDT.BN
2021-08-16 00:00:00+00:00,,,,,,,,SHIB-USDT.BN
2021-08-17 00:00:00+00:00,,,,,,,,SHIB-USDT.BN
2021-08-18 00:00:00+00:00,,,,,,,,SHIB-USDT.BN
2021-08-19 00:00:00+00:00,,,,,,,,SHIB-USDT.BN
2021-08-20 00:00:00+00:00,,,,,,,,SHIB-USDT.BN
2021-08-21 00:00:00+00:00,,,,,,,,SHIB-USDT.BN
2021-08-22 00:00:00+00:00,,,,,,,,SHIB-USDT.BN
2021-08-23 00:00:00+00:00,,,,,,,,SHIB-USDT.BN
2021-08-24 00:00:00+00:00,,,,,,,,SHIB-USDT.BN
2021-08-25 00:00:00+00:00,,,,,,,,SHIB-USDT.BN
2021-08-26 00:00:00+00:00,,,,,,,,SHIB-USDT.BN
2021-08-27 00:00:00+00:00,,,,,,,,SHIB-USDT.BN
2021-08-28 00:00:00+00:00,,,,,,,,SHIB-USDT.BN
2021-08-29 00:00:00+00:00,,,,,,,,SHIB-USDT.BN
2021-08-30 00:00:00+00:00,,,,,,,,SHIB-USDT.BN
2021-08-31 00:00:00+00:00,,,,,,,,SHIB-USDT.BN
2021-09-01 00:00:00+00:00,,,,,,,,SHIB-USDT.BN
2021-09-02 00:00:00+00:00,,,,,,,,SHIB-USDT.BN
2021-09-03 00:00:00+00:00,,,,,,,,SHIB-USDT.BN
2021-09-04 00:00:00+00:00,,,,,,,,SHIB-USDT.BN
2021-09-05 00:00:00+00:00,,,,,,,,SHIB-USDT.BN
2021-09-06 00:00:00+00:00,,,,,,,,SHIB-USDT.BN
2021-09-07 00:00:00+00:00,,,,,,,,SHIB-USDT.BN
2021-09-08 00:00:00+00:00,,,,,,,,SHIB-USDT.BN
2021-09-09 00:00:00+00:00,,,,,,,,SHIB-USDT.BN
2021-09-10 00:00:00+00:00,,,,,,,,SHIB-USDT.BN
2021-09-11 00:00:00+00:00,,,,,,,,SHIB-USDT.BN
2021-09-12 00:00:00+00:00,,,,,,,,SHIB-USDT.BN
2021-09-13 00:00:00+00:00,,,,,,,,SHIB-USDT.BN
2021-09-14 00:00:00+00:00,,,,,,,,SHIB-USDT.BN
2021-09-15 00:00:00+00:00,,,,,,,,SHIB-USDT.BN
2021-09-16 00:00:00+00:00,,,,,,,,SHIB-USDT.BN
2021-09-17 00:00:00+00:00,,,,,,,,SHIB-USDT.BN
2021-09-18 00:00:00+00:00,,,,,,,,SHIB-USDT.BN
2021-09-19 00:00:00+00:00,,,,,,,,SHIB-USDT.BN
2021-09-20 00:00:00+00:00,,,,,,,,SHIB-USDT.BN
2021-09-21 00:00:00+00:00,,,,,,,,SHIB-USDT.BN
2021-09-22 00:00:00+00:00,,,,,,,,SHIB-USDT.BN
2021-09-23 00:00:00+00:00,,,,,,,,SHIB-USDT.BN
2021-09-24 00:00:00+00:00,,,,,,,,SHIB-USDT.BN
2021-09-25 00:00:00+00:00,,,,,,,,SHIB-USDT.BN
2021-09-26 00:00:00+00:00,,,,,,,,SHIB-USDT.BN
2021-09-27 00:00:00+00:00,,,,,,,,SHIB-USDT.BN
2021-09-28 00:00:00+00:00,,,,,,,,SHIB-USDT.BN
2021-09-29 00:00:00+00:00,,,,,,,,SHIB-USDT.BN
2021-09-30 00:00:00+00:00,,,,,,,,SHIB-USDT.BN
2021-10-01 00:00:00+00:00,,,,,,,,SHIB-USDT.BN
2021-10-02 00:00:00+00:00,,,,,,,,SHIB-USDT.BN
2021-10-03 00:00:00+00:00,,,,,,,,SHIB-USDT.BN
2021-10-04 00:00:00+00:00,,,,,,,,SHIB-USDT.BN
2021-10-05 00:00:00+00:00,,,,,,,,SHIB-USDT.BN
2021-10-06 00:00:00+00:00,,,,,,,,SHIB-USDT.BN
2021-10-07 00:00:00+00:00,,,,,,,,SHIB-USDT.BN
2021-10-08 00:00:00+00:00,,,,,,,,SHIB-USDT.BN
2021-10-09 00:00:00+00:00,,,,,,,,SHIB-USDT.BN
2021-10-10 00:00:00+00:00,,,,,,,,SHIB-USDT.BN
2021-10-11 00:00:00+00:00,,,,,,,,SHIB-USDT.BN
2021-10-12 00:00:00+00:00,,,,,,,,SHIB-USDT.BN
2021-10-13 00:00:00+00:00,,,,,,,,SHIB-USDT.BN
2021-10-14 00:00:00+00:00,,,,,,,,SHIB-USDT.BN
2021-10-15 00:00:00+00:00,,,,,,,,SHIB-USDT.BN
2021-10-16 00:00:00+00:00,,,,,,,,SHIB-USDT.BN
2021-10-17 00:00:00+00:00,,,,,,,,SHIB-USDT.BN
2021-10-18 00:00:00+00:00,,,,,,,,SHIB-USDT.BN
2021-10-19 00:00:00+00:00,,,,,,,,SHIB-USDT.BN
2021-10-20 00:00:00+00:00,,,,,,,,SHIB-USDT.BN
2021-10-21 00:00:00+00:00,,,,,,,,SHIB-USDT.BN
2021-10-22 00:00:00+00:00,,,,,,,,SHIB-USDT.BN
2021-10-23 00:00:00+00:00,,,,,,,,SHIB-USDT.BN
2021-10-24 00:00:00+00:00,,,,,,,,SHIB-USDT.BN
2021-10-25 00:00:00+00:00,,,,,,,,SHIB-USDT.BN
2021-10-26 00:00:00+00:00,,,,,,,,SHIB-USDT.BN
2021-10-27 00:00:00+00:00,,,,,,,,SHIB-USDT.BN
2021-10-28 00:00:00+00:00,,,,,,,,SHIB-USDT.BN
2021-10-29 00:00:00+00:00,,,,,,,,SHIB-USDT.BN
2021-10-30 00:00:00+00:00,,,,,,,,SHIB-USDT.BN
2021-10-31 00:00:00+00:00,,,,,,,,SHIB-USDT.BN
2021-11-01 00:00:00+00:00,,,,,,,,SHIB-USDT.BN
2021-11-02 00:00:00+00:00,,,,,,,,SHIB-USDT.BN
2021-11-03 00:00:00+00:00,,,,,,,,SHIB-USDT.BN
2021-11-04 00:00:00+00:00,,,,,,,,SHIB-USDT.BN
2021-11-05 00:00:00+00:00,,,,,,,,SHIB-USDT.BN
2021-11-06 00:00:00+00:00,,,,,,,,SHIB-USDT.BN
2021-11-07 00:00:00+00:00,,,,,,,,SHIB-USDT.BN
2021-11-08 00:00:00+00:00,,,,,,,,SHIB-USDT.BN
2021-11-09 00:00:00+00:00,,,,,,,,SHIB-USDT.BN
2021-11-10 00:00:00+00:00,,,,,,,,SHIB-USDT.BN
2021-11-11 00:00:00+00:00,,,,,,,,SHIB-USDT.BN
2021-11-12 00:00:00+00:00,,,,,,,,SHIB-USDT.BN
2021-11-13 00:00:00+00:00,,,,,,,,SHIB-USDT.BN
2021-11-14 00:00:00+00:00,,,,,,,,SHIB-USDT.BN
2021-11-15 00:00:00+00:00,,,,,,,,SHIB-USDT.BN
2021-11-16 00:00:00+00:00,,,,,,,,SHIB-USDT.BN
2021-11-17 00:00:00+00:00,,,,,,,,SHIB-USDT.BN
2021-11-18 00:00:00+00:00,,,,,,,,SHIB-USDT.BN
2021-11-19 00:00:00+00:00,,,,,,,,SHIB-USDT.BN
2021-11-20 00:00:00+00:00,,,,,,,,SHIB-USDT.BN
2021-11-21 00:00:00+00:00,,,,,,,,SHIB-USDT.BN
2021-11-22 00:00:00+00:00,,,,,,,,SHIB-USDT.BN
2021-11-23 00:00:00+00:00,,,,,,,,SHIB-USDT.BN
2021-11-24 00:00:00+00:00,,,,,,,,SHIB-USDT.BN
2021-11-25 00:00:00+00:00,,,,,,,,SHIB-USDT.BN
2021-11-26 00:00:00+00:00,,,,,,,,SHIB-USDT.BN
2021-11-27 00:00:00+00:00,,,,,,,,SHIB-USDT.BN
2021-11-28 00:00:00+00:00,,,,,,,,SHIB-USDT.BN
2021-11-29 00:00:00+00:00,,,,,,,,SHIB-USDT.BN
2021-11-30 00:00:00+00:00,,,,,,,,SHIB-USDT.BN
2021-12-01 00:00:00+00:00,,,,,,,,SHIB-USDT.BN
2021-12-02 00:00:00+00:00,,,,,,,,SHIB-USDT.BN
2021-12-03 00:00:00+00:00,,,,,,,,SHIB-USDT.BN
2021-12-04 00:00:00+00:00,,,,,,,,SHIB-USDT.BN
2021-12-05 00:00:00+00:00,,,,,,,,SHIB-USDT.BN
2021-12-06 00:00:00+00:00,,,,,,,,SHIB-USDT.BN
2021-12-07 00:00:00+00:00,,,,,,,,SHIB-USDT.BN
2021-12-08 00:00:00+00:00,,,,,,,,SHIB-USDT.BN
2021-12-09 00:00:00+00:00,,,,,,,,SHIB-USDT.BN
2021-12-10 00:00:00+00:00,,,,,,,,SHIB-USDT.BN
2021-12-11 00:00:00+00:00,,,,,,,,SHIB-USDT.BN
2021-12-12 00:00:00+00:00,,,,,,,,SHIB-USDT.BN
2021-12-13 00:00:00+00:00,3.55e-05,3.156e-05,3.436e-05,3.292e-05,7416285330777.0,1639439939129.0,1639439939156.0,SHIB-USDT.BN
2021-12-14 00:00:00+00:00,3.35e-05,3.242e-05,3.29e-05,3.309e-05,1936629928386.0,1639469338960.0,1639469338988.0,SHIB-USDT.BN
2021-12-15 00:00:00+00:00,,,,,,,,SHIB-USDT.BN
2021-12-16 00:00:00+00:00,,,,,,,,SHIB-USDT.BN
2021-12-17 00:00:00+00:00,,,,,,,,SHIB-USDT.BN
2021-12-18 00:00:00+00:00,,,,,,,,SHIB-USDT.BN
2021-12-19 00:00:00+00:00,,,,,,,,SHIB-USDT.BN
2021-12-20 00:00:00+00:00,,,,,,,,SHIB-USDT.BN
2021-12-21 00:00:00+00:00,,,,,,,,SHIB-USDT.BN
2021-12-22 00:00:00+00:00,,,,,,,,SHIB-USDT.BN
2021-12-23 00:00:00+00:00,,,,,,,,SHIB-USDT.BN
2021-12-24 00:00:00+00:00,,,,,,,,SHIB-USDT.BN
2021-12-25 00:00:00+00:00,,,,,,,,SHIB-USDT.BN
2021-12-26 00:00:00+00:00,,,,,,,,SHIB-USDT.BN
2021-12-27 00:00:00+00:00,,,,,,,,SHIB-USDT.BN
2021-12-28 00:00:00+00:00,,,,,,,,SHIB-USDT.BN
2021-12-29 00:00:00+00:00,,,,,,,,SHIB-USDT.BN
2021-12-30 00:00:00+00:00,,,,,,,,SHIB-USDT.BN
2021-12-31 00:00:00+00:00,,,,,,,,SHIB-USDT.BN
2022-01-01 00:00:00+00:00,,,,,,,,SHIB-USDT.BN
2022-01-02 00:00:00+00:00,,,,,,,,SHIB-USDT.BN
2022-01-03 00:00:00+00:00,,,,,,,,SHIB-USDT.BN
2022-01-04 00:00:00+00:00,,,,,,,,SHIB-USDT.BN
2022-01-05 00:00:00+00:00,,,,,,,,SHIB-USDT.BN
2022-01-06 00:00:00+00:00,,,,,,,,SHIB-USDT.BN
2022-01-07 00:00:00+00:00,,,,,,,,SHIB-USDT.BN
2022-01-08 00:00:00+00:00,,,,,,,,SHIB-USDT.BN
2022-01-09 00:00:00+00:00,,,,,,,,SHIB-USDT.BN
2022-01-10 00:00:00+00:00,,,,,,,,SHIB-USDT.BN
2022-01-11 00:00:00+00:00,,,,,,,,SHIB-USDT.BN
2022-01-12 00:00:00+00:00,,,,,,,,SHIB-USDT.BN
2022-01-13 00:00:00+00:00,,,,,,,,SHIB-USDT.BN
2022-01-14 00:00:00+00:00,,,,,,,,SHIB-USDT.BN
2022-01-15 00:00:00+00:00,,,,,,,,SHIB-USDT.BN
2022-01-16 00:00:00+00:00,,,,,,,,SHIB-USDT.BN
2022-01-17 00:00:00+00:00,3.058e-05,2.825e-05,3.049e-05,2.882e-05,4753637276544.0,1642463999501.0,1642463999530.0,SHIB-USDT.BN
2022-01-18 00:00:00+00:00,2.955e-05,2.743e-05,2.882e-05,2.81e-05,5748213641032.0,1642550337863.0,1642550337891.0,SHIB-USDT.BN
2022-01-19 00:00:00+00:00,2.827e-05,2.708e-05,2.806e-05,2.729e-05,4016774048113.0,1642636738360.0,1642636738390.0,SHIB-USDT.BN
2022-01-20 00:00:00+00:00,2.881e-05,2.624e-05,2.727e-05,2.645e-05,4782829014064.0,1642723139692.0,1642723139722.0,SHIB-USDT.BN
2022-01-21 00:00:00+00:00,2.684e-05,2.158e-05,2.644e-05,2.229e-05,13113196751684.0,1642809539556.0,1642809539586.0,SHIB-USDT.BN
2022-01-22 00:00:00+00:00,2.252e-05,1.704e-05,2.224e-05,2.052e-05,25833216336877.0,1642895939064.0,1642895939090.0,SHIB-USDT.BN
2022-01-23 00:00:00+00:00,2.37e-05,2.044e-05,2.053e-05,2.245e-05,18335040234341.0,1642982339489.0,1642982339516.0,SHIB-USDT.BN
2022-01-24 00:00:00+00:00,2.329e-05,1.865e-05,2.246e-05,2.118e-05,21020955024891.0,1643068739792.0,1643068739822.0,SHIB-USDT.BN
2022-01-25 00:00:00+00:00,2.165e-05,2.003e-05,2.119e-05,2.099e-05,10532946697487.0,1643155138447.0,1643155138481.0,SHIB-USDT.BN
2022-01-26 00:00:00+00:00,2.353e-05,2.048e-05,2.102e-05,2.107e-05,11432233832708.0,1643241539551.0,1643241539580.0,SHIB-USDT.BN
2022-01-27 00:00:00+00:00,2.181e-05,1.994e-05,2.11e-05,2.121e-05,7848900506502.0,1643327939384.0,1643327939411.0,SHIB-USDT.BN
2022-01-28 00:00:00+00:00,2.141e-05,2.035e-05,2.127e-05,2.126e-05,4610310869141.0,1643414339791.0,1643414339817.0,SHIB-USDT.BN
2022-01-29 00:00:00+00:00,2.24e-05,2.112e-05,2.122e-05,2.168e-05,4811951889271.0,1643500738359.0,1643500738404.0,SHIB-USDT.BN
2022-01-30 00:00:00+00:00,2.22e-05,2.083e-05,2.167e-05,2.108e-05,4187300054474.0,1643587136931.0,1643587136957.0,SHIB-USDT.BN
2022-01-31 00:00:00+00:00,2.158e-05,2.005e-05,2.11e-05,2.142e-05,4349424740029.0,1643673597470.0,1643673597529.0,SHIB-USDT.BN
2022-02-01 00:00:00+00:00,2.2e-05,2.113e-05,2.143e-05,2.169e-05,4203878695868.0,1643759938001.0,1643759938029.0,SHIB-USDT.BN
2022-02-02 00:00:00+00:00,2.189e-05,2.028e-05,2.168e-05,2.062e-05,4561517857941.0,1643846339304.0,1643846339333.0,SHIB-USDT.BN
2022-02-03 00:00:00+00:00,2.085e-05,2.013e-05,2.061e-05,2.072e-05,3685388449494.0,1643932739565.0,1643932739595.0,SHIB-USDT.BN
2022-02-04 00:00:00+00:00,2.232e-05,2.052e-05,2.075e-05,2.217e-05,5997431955665.0,1644019138883.0,1644019138912.0,SHIB-USDT.BN
2022-02-05 00:00:00+00:00,2.388e-05,2.203e-05,2.219e-05,2.252e-05,7826507465526.0,1644105539181.0,1644105539209.0,SHIB-USDT.BN
2022-02-06 00:00:00+00:00,2.9e-05,2.223e-05,2.249e-05,2.835e-05,17998547822167.0,1644191939495.0,1644191939521.0,SHIB-USDT.BN
2022-02-07 00:00:00+00:00,3.523e-05,2.707e-05,2.848e-05,3.246e-05,37609510286314.0,1644278339555.0,1644278339583.0,SHIB-USDT.BN
2022-02-08 00:00:00+00:00,3.51e-05,2.942e-05,3.256e-05,3.091e-05,29697112402807.0,1644364739714.0,1644364739743.0,SHIB-USDT.BN
2022-02-09 00:00:00+00:00,3.411e-05,3.042e-05,3.097e-05,3.289e-05,18277349528542.0,1644451139805.0,1644451139832.0,SHIB-USDT.BN
2022-02-10 00:00:00+00:00,3.372e-05,3.052e-05,3.295e-05,3.082e-05,15239992198107.0,1644537539891.0,1644537539920.0,SHIB-USDT.BN
2022-02-11 00:00:00+00:00,3.239e-05,2.79e-05,3.083e-05,2.864e-05,13086005575515.0,1644623938990.0,1644623939018.0,SHIB-USDT.BN
2022-02-12 00:00:00+00:00,2.981e-05,2.743e-05,2.87e-05,2.907e-05,10833839512265.0,1644710339534.0,1644710339563.0,SHIB-USDT.BN
2022-02-13 00:00:00+00:00,3.222e-05,2.836e-05,2.914e-05,3.006e-05,13164381062562.0,1644796739911.0,1644796739944.0,SHIB-USDT.BN
2022-02-14 00:00:00+00:00,3.087e-05,2.86e-05,3.013e-05,2.959e-05,9418912396196.0,1644883136058.0,1644883136089.0,SHIB-USDT.BN
2022-02-15 00:00:00+00:00,3.184e-05,2.954e-05,2.958e-05,3.121e-05,9417738913932.0,1644969538892.0,1644969538924.0,SHIB-USDT.BN
2022-02-16 00:00:00+00:00,3.16e-05,2.99e-05,3.125e-05,3.09e-05,7373596145474.0,1645055937921.0,1645055937953.0,SHIB-USDT.BN
2022-02-17 00:00:00+00:00,3.253e-05,2.77e-05,3.092e-05,2.82e-05,14646474661227.0,1645142339725.0,1645142339755.0,SHIB-USDT.BN
2022-02-18 00:00:00+00:00,2.996e-05,2.78e-05,2.82e-05,2.811e-05,9541426562429.0,1645228738992.0,1645228739019.0,SHIB-USDT.BN
2022-02-19 00:00:00+00:00,2.895e-05,2.692e-05,2.811e-05,2.75e-05,5856592922717.0,1645315137168.0,1645315137194.0,SHIB-USDT.BN
2022-02-20 00:00:00+00:00,2.76e-05,2.489e-05,2.749e-05,2.545e-05,8353788660093.0,1645401539795.0,1645401539821.0,SHIB-USDT.BN
2022-02-21 00:00:00+00:00,2.755e-05,2.392e-05,2.547e-05,2.405e-05,14967472084283.0,1645487939865.0,1645487939895.0,SHIB-USDT.BN
2022-02-22 00:00:00+00:00,2.527e-05,2.31e-05,2.404e-05,2.492e-05,11287158114330.0,1645574338305.0,1645574338333.0,SHIB-USDT.BN
2022-02-23 00:00:00+00:00,2.74e-05,2.457e-05,2.495e-05,2.485e-05,14185868728657.0,1645660739799.0,1645660739903.0,SHIB-USDT.BN
2022-02-24 00:00:00+00:00,2.532e-05,2.071e-05,2.486e-05,2.388e-05,29881001776060.0,1645747139514.0,1645747139542.0,SHIB-USDT.BN
2022-02-25 00:00:00+00:00,2.509e-05,2.302e-05,2.385e-05,2.488e-05,13517704240243.0,1645833538909.0,1645833538937.0,SHIB-USDT.BN
2022-02-26 00:00:00+00:00,2.595e-05,2.42e-05,2.488e-05,2.443e-05,8098115898036.0,1645919939798.0,1645919939830.0,SHIB-USDT.BN
2022-02-27 00:00:00+00:00,2.502e-05,2.306e-05,2.445e-05,2.344e-05,9265820582409.0,1646006334869.0,1646006334898.0,SHIB-USDT.BN
2022-02-28 00:00:00+00:00,2.6e-05,2.28e-05,2.343e-05,2.58e-05,11811793570321.0,1646092738681.0,1646092738710.0,SHIB-USDT.BN
2022-03-01 00:00:00+00:00,2.861e-05,2.534e-05,2.58e-05,2.709e-05,15253520111837.0,1646179137958.0,1646179137988.0,SHIB-USDT.BN
2022-03-02 00:00:00+00:00,2.719e-05,2.552e-05,2.713e-05,2.589e-05,10086987156030.0,1646265534778.0,1646265534805.0,SHIB-USDT.BN
2022-03-03 00:00:00+00:00,2.618e-05,2.445e-05,2.591e-05,2.505e-05,7042096054791.0,1646351936035.0,1646351936063.0,SHIB-USDT.BN
2022-03-04 00:00:00+00:00,2.526e-05,2.305e-05,2.506e-05,2.352e-05,7663978378764.0,1646438336439.0,1646438336470.0,SHIB-USDT.BN
2022-03-05 00:00:00+00:00,2.499e-05,2.31e-05,2.358e-05,2.46e-05,5031794116890.0,1646524738775.0,1646524738804.0,SHIB-USDT.BN
2022-03-06 00:00:00+00:00,2.48e-05,2.341e-05,2.462e-05,2.353e-05,4394882953043.0,1646611134663.0,1646611134694.0,SHIB-USDT.BN
2022-03-07 00:00:00+00:00,2.388e-05,2.218e-05,2.352e-05,2.285e-05,6561102857330.0,1646697539039.0,1646697539071.0,SHIB-USDT.BN
2022-03-08 00:00:00+00:00,2.355e-05,2.248e-05,2.279e-05,2.29e-05,4977333162578.0,1646783936038.0,1646783936067.0,SHIB-USDT.BN
2022-03-09 00:00:00+00:00,2.46e-05,2.287e-05,2.291e-05,2.384e-05,7040725728012.0,1646870337792.0,1646870337820.0,SHIB-USDT.BN
2022-03-10 00:00:00+00:00,2.39e-05,2.235e-05,2.384e-05,2.26e-05,6624085532441.0,1646956738595.0,1646956738625.0,SHIB-USDT.BN
2022-03-11 00:00:00+00:00,2.312e-05,2.187e-05,2.26e-05,2.205e-05,5937447273868.0,1647043139105.0,1647043139134.0,SHIB-USDT.BN
2022-03-12 00:00:00+00:00,2.273e-05,2.201e-05,2.206e-05,2.212e-05,3121367572815.0,1647129539925.0,1647129539956.0,SHIB-USDT.BN
2022-03-13 00:00:00+00:00,2.328e-05,2.12e-05,2.213e-05,2.155e-05,4976106097005.0,1647215938962.0,1647215938993.0,SHIB-USDT.BN
2022-03-14 00:00:00+00:00,2.247e-05,2.128e-05,2.15e-05,2.203e-05,4460449633921.0,1647302338275.0,1647302338303.0,SHIB-USDT.BN
2022-03-15 00:00:00+00:00,2.212e-05,2.124e-05,2.203e-05,2.162e-05,3839984600680.0,1647388737443.0,1647388737470.0,SHIB-USDT.BN
2022-03-16 00:00:00+00:00,2.275e-05,2.15e-05,2.161e-05,2.267e-05,6403794717398.0,1647475138890.0,1647475138917.0,SHIB-USDT.BN
2022-03-17 00:00:00+00:00,2.281e-05,2.206e-05,2.273e-05,2.22e-05,4177583943449.0,1647561539909.0,1647561539940.0,SHIB-USDT.BN
2022-03-18 00:00:00+00:00,2.267e-05,2.165e-05,2.217e-05,2.232e-05,5024459690510.0,1647647936184.0,1647647936216.0,SHIB-USDT.BN
2022-03-19 00:00:00+00:00,2.555e-05,2.218e-05,2.234e-05,2.413e-05,14566718391541.0,1647734337602.0,1647734337607.0,SHIB-USDT.BN
2022-03-20 00:00:00+00:00,2.446e-05,2.253e-05,2.412e-05,2.309e-05,8608891747978.0,1647820738018.0,1647820738024.0,SHIB-USDT.BN
2022-03-21 00:00:00+00:00,2.347e-05,2.23e-05,2.311e-05,2.294e-05,5333445930301.0,1647907134586.0,1647907134615.0,SHIB-USDT.BN
2022-03-22 00:00:00+00:00,2.406e-05,2.289e-05,2.293e-05,2.345e-05,7380068228511.0,1647993539485.0,1647993539516.0,SHIB-USDT.BN
2022-03-23 00:00:00+00:00,2.51e-05,2.306e-05,2.344e-05,2.443e-05,9028389970450.0,1648079936788.0,1648079936820.0,SHIB-USDT.BN
2022-03-24 00:00:00+00:00,2.535e-05,2.404e-05,2.441e-05,2.466e-05,9302591012726.0,1648166339346.0,1648166339378.0,SHIB-USDT.BN
2022-03-25 00:00:00+00:00,2.542e-05,2.352e-05,2.469e-05,2.409e-05,8488645546587.0,1648252734820.0,1648252734852.0,SHIB-USDT.BN
2022-03-26 00:00:00+00:00,2.474e-05,2.389e-05,2.412e-05,2.443e-05,3667400635912.0,1648339139806.0,1648339139836.0,SHIB-USDT.BN
2022-03-27 00:00:00+00:00,2.567e-05,2.414e-05,2.441e-05,2.557e-05,7028716190146.0,1648425537363.0,1648425537397.0,SHIB-USDT.BN
2022-03-28 00:00:00+00:00,2.966e-05,2.527e-05,2.557e-05,2.647e-05,23154777493387.0,1648511939866.0,1648511939893.0,SHIB-USDT.BN
2022-03-29 00:00:00+00:00,2.844e-05,2.635e-05,2.652e-05,2.732e-05,11930284647927.0,1648598339748.0,1648598339780.0,SHIB-USDT.BN
2022-03-30 00:00:00+00:00,2.866e-05,2.617e-05,2.735e-05,2.738e-05,10288290328173.0,1648684739160.0,1648684739190.0,SHIB-USDT.BN
2022-03-31 00:00:00+00:00,2.809e-05,2.548e-05,2.745e-05,2.582e-05,9354463634654.0,1648771139502.0,1648771139533.0,SHIB-USDT.BN
2022-04-01 00:00:00+00:00,2.65e-05,2.458e-05,2.584e-05,2.612e-05,7912605007991.0,1648857537908.0,1648857537939.0,SHIB-USDT.BN
2022-04-02 00:00:00+00:00,2.75e-05,2.57e-05,2.615e-05,2.578e-05,9384927953142.0,1648943932641.0,1648943932670.0,SHIB-USDT.BN
2022-04-03 00:00:00+00:00,2.737e-05,2.55e-05,2.58e-05,2.68e-05,6029555352979.0,1649030338532.0,1649030338562.0,SHIB-USDT.BN
2022-04-04 00:00:00+00:00,2.754e-05,2.557e-05,2.683e-05,2.648e-05,7857290223735.0,1649116738604.0,1649116738633.0,SHIB-USDT.BN
2022-04-05 00:00:00+00:00,2.847e-05,2.621e-05,2.645e-05,2.675e-05,10733157118963.0,1649203139351.0,1649203139381.0,SHIB-USDT.BN
2022-04-06 00:00:00+00:00,2.683e-05,2.416e-05,2.675e-05,2.437e-05,8822190852935.0,1649289536009.0,1649289536043.0,SHIB-USDT.BN
2022-04-07 00:00:00+00:00,2.527e-05,2.39e-05,2.435e-05,2.476e-05,4617849766671.0,1649375939774.0,1649375939803.0,SHIB-USDT.BN
2022-04-08 00:00:00+00:00,2.517e-05,2.35e-05,2.479e-05,2.381e-05,4058785328896.0,1649462339270.0,1649462339297.0,SHIB-USDT.BN
2022-04-09 00:00:00+00:00,2.463e-05,2.368e-05,2.381e-05,2.461e-05,3003359917881.0,1649548737921.0,1649548737951.0,SHIB-USDT.BN
2022-04-10 00:00:00+00:00,2.544e-05,2.436e-05,2.459e-05,2.443e-05,3879715431314.0,1649635138728.0,1649635138759.0,SHIB-USDT.BN
2022-04-11 00:00:00+00:00,2.463e-05,2.183e-05,2.446e-05,2.214e-05,6045250484248.0,1649721534083.0,1649721534110.0,SHIB-USDT.BN
2022-04-12 00:00:00+00:00,3e-05,2.191e-05,2.217e-05,2.689e-05,37563458644820.0,1649807939860.0,1649807939890.0,SHIB-USDT.BN
2022-04-13 00:00:00+00:00,2.815e-05,2.562e-05,2.692e-05,2.695e-05,17022528725881.0,1649894339920.0,1649894339948.0,SHIB-USDT.BN
2022-04-14 00:00:00+00:00,2.744e-05,2.519e-05,2.693e-05,2.577e-05,10911635334066.0,1649980739799.0,1649980739828.0,SHIB-USDT.BN
2022-04-15 00:00:00+00:00,2.625e-05,2.545e-05,2.578e-05,2.588e-05,3579167438166.0,1650067137549.0,1650067137577.0,SHIB-USDT.BN
2022-04-16 00:00:00+00:00,2.608e-05,2.525e-05,2.59e-05,2.559e-05,2776316488254.0,1650153539507.0,1650153539536.0,SHIB-USDT.BN
2022-04-17 00:00:00+00:00,2.606e-05,2.441e-05,2.559e-05,2.47e-05,3889088495180.0,1650239939694.0,1650239939724.0,SHIB-USDT.BN
2022-04-18 00:00:00+00:00,2.537e-05,2.362e-05,2.464e-05,2.525e-05,7005418638084.0,1650326339711.0,1650326339741.0,SHIB-USDT.BN
2022-04-19 00:00:00+00:00,2.561e-05,2.486e-05,2.524e-05,2.544e-05,4668876926224.0,1650412739659.0,1650412739688.0,SHIB-USDT.BN
2022-04-20 00:00:00+00:00,2.587e-05,2.461e-05,2.542e-05,2.483e-05,6108734158191.0,1650499138743.0,1650499138772.0,SHIB-USDT.BN
2022-04-21 00:00:00+00:00,2.54e-05,2.386e-05,2.482e-05,2.432e-05,4989896688272.0,1650585538386.0,1650585538414.0,SHIB-USDT.BN
2022-04-22 00:00:00+00:00,2.468e-05,2.398e-05,2.431e-05,2.431e-05,3788195912069.0,1650671939115.0,1650671939143.0,SHIB-USDT.BN
2022-04-23 00:00:00+00:00,2.465e-05,2.378e-05,2.429e-05,2.411e-05,2924457614023.0,1650758339787.0,1650758339815.0,SHIB-USDT.BN
2022-04-24 00:00:00+00:00,2.437e-05,2.352e-05,2.41e-05,2.395e-05,2555598959720.0,1650844738065.0,1650844738093.0,SHIB-USDT.BN
2022-04-25 00:00:00+00:00,2.536e-05,2.231e-05,2.395e-05,2.437e-05,9824308632344.0,1650931139591.0,1650931139620.0,SHIB-USDT.BN
2022-04-26 00:00:00+00:00,2.468e-05,2.256e-05,2.432e-05,2.298e-05,7502927760513.0,1651017538932.0,1651017538960.0,SHIB-USDT.BN
2022-04-27 00:00:00+00:00,2.399e-05,2.279e-05,2.298e-05,2.342e-05,6798901343955.0,1651103937014.0,1651103937045.0,SHIB-USDT.BN
2022-04-28 00:00:00+00:00,2.353e-05,2.267e-05,2.343e-05,2.296e-05,4583073467487.0,1651190333826.0,1651190333854.0,SHIB-USDT.BN
2022-04-29 00:00:00+00:00,2.311e-05,2.161e-05,2.294e-05,2.219e-05,7887238594682.0,1651276735421.0,1651276735450.0,SHIB-USDT.BN
2022-04-30 00:00:00+00:00,2.248e-05,1.837e-05,2.221e-05,2.014e-05,8639450363124.0,1651363139074.0,1651363139102.0,SHIB-USDT.BN
2022-05-01 00:00:00+00:00,2.215e-05,1.975e-05,2.017e-05,2.154e-05,8165049959189.0,1651449537214.0,1651449537243.0,SHIB-USDT.BN
2022-05-02 00:00:00+00:00,2.175e-05,2.015e-05,2.154e-05,2.067e-05,6822799629420.0,1651535939573.0,1651535939601.0,SHIB-USDT.BN
2022-05-03 00:00:00+00:00,2.103e-05,1.994e-05,2.068e-05,2.03e-05,4766632660327.0,1651622337879.0,1651622337907.0,SHIB-USDT.BN
2022-05-04 00:00:00+00:00,2.188e-05,2.026e-05,2.031e-05,2.18e-05,6945494058975.0,1651708738453.0,1651708738480.0,SHIB-USDT.BN
2022-05-05 00:00:00+00:00,2.199e-05,1.944e-05,2.18e-05,2.028e-05,8141869543204.0,1651795128172.0,1651795128199.0,SHIB-USDT.BN
2022-05-06 00:00:00+00:00,2.038e-05,1.95e-05,2.027e-05,2.001e-05,6747128747809.0,1651881538466.0,1651881538493.0,SHIB-USDT.BN
2022-05-07 00:00:00+00:00,2.006e-05,1.868e-05,2.001e-05,1.928e-05,5024490393342.0,1651967938168.0,1651967938196.0,SHIB-USDT.BN
2022-05-08 00:00:00+00:00,1.934e-05,1.823e-05,1.927e-05,1.845e-05,7106159430604.0,1652054339215.0,1652054339243.0,SHIB-USDT.BN
2022-05-09 00:00:00+00:00,1.871e-05,1.373e-05,1.843e-05,1.39e-05,21981132641295.0,1652140739840.0,1652140739870.0,SHIB-USDT.BN
2022-05-10 00:00:00+00:00,1.797e-05,1.352e-05,1.4e-05,1.62e-05,25755576738354.0,1652227138682.0,1652227138711.0,SHIB-USDT.BN
2022-05-11 00:00:00+00:00,1.677e-05,1.1e-05,1.618e-05,1.203e-05,27767253067568.0,1652313539283.0,1652313539312.0,SHIB-USDT.BN
2022-05-12 00:00:00+00:00,1.296e-05,9.07e-06,1.205e-05,1.083e-05,26772337943963.0,1652399939139.0,1652399939169.0,SHIB-USDT.BN
2022-05-13 00:00:00+00:00,1.437e-05,1.048e-05,1.084e-05,1.283e-05,26668224867123.0,1652486339496.0,1652486339523.0,SHIB-USDT.BN
2022-05-14 00:00:00+00:00,1.372e-05,1.14e-05,1.281e-05,1.254e-05,13461667596234.0,1652572739268.0,1652572739298.0,SHIB-USDT.BN
2022-05-15 00:00:00+00:00,1.306e-05,1.192e-05,1.256e-05,1.305e-05,6983304748095.0,1652659138766.0,1652659138793.0,SHIB-USDT.BN
2022-05-16 00:00:00+00:00,1.306e-05,1.174e-05,1.305e-05,1.194e-05,7267844861577.0,1652745536768.0,1652745536798.0,SHIB-USDT.BN
2022-05-17 00:00:00+00:00,1.278e-05,1.195e-05,1.199e-05,1.255e-05,8113085030195.0,1652831936881.0,1652831936908.0,SHIB-USDT.BN
2022-05-18 00:00:00+00:00,1.267e-05,1.145e-05,1.254e-05,1.149e-05,5799064161108.0,1652918338657.0,1652918338686.0,SHIB-USDT.BN
2022-05-19 00:00:00+00:00,1.176e-05,1.121e-05,1.152e-05,1.149e-05,1068715222928.0,1652937958650.0,1652937958679.0,SHIB-USDT.BN
2022-05-20 00:00:00+00:00,1.204e-05,1.13e-05,1.182e-05,1.16e-05,4295904904889.0,1653091138982.0,1653091139011.0,SHIB-USDT.BN
2022-05-21 00:00:00+00:00,1.205e-05,1.133e-05,1.16e-05,1.176e-05,3008090507451.0,1653177536326.0,1653177536355.0,SHIB-USDT.BN
2022-05-22 00:00:00+00:00,1.207e-05,1.163e-05,1.175e-05,1.19e-05,3560800089660.0,1653263938948.0,1653263938976.0,SHIB-USDT.BN
2022-05-23 00:00:00+00:00,1.297e-05,1.148e-05,1.19e-05,1.167e-05,7511637927726.0,1653350336762.0,1653350336790.0,SHIB-USDT.BN
2022-05-24 00:00:00+00:00,1.196e-05,1.125e-05,1.168e-05,1.175e-05,5226659472290.0,1653436733489.0,1653436733516.0,SHIB-USDT.BN
2022-05-25 00:00:00+00:00,1.193e-05,1.15e-05,1.175e-05,1.16e-05,4485696467909.0,1653523136783.0,1653523136812.0,SHIB-USDT.BN
2022-05-26 00:00:00+00:00,1.171e-05,1.03e-05,1.161e-05,1.057e-05,9148806969281.0,1653609539578.0,1653609539606.0,SHIB-USDT.BN
2022-05-27 00:00:00+00:00,1.087e-05,1.012e-05,1.059e-05,1.047e-05,6942236783815.0,1653695937295.0,1653695937323.0,SHIB-USDT.BN
2022-05-28 00:00:00+00:00,1.088e-05,1.041e-05,1.047e-05,1.077e-05,2946038947998.0,1653782337843.0,1653782337872.0,SHIB-USDT.BN
2022-05-29 00:00:00+00:00,1.185e-05,1.055e-05,1.078e-05,1.15e-05,7121434667871.0,1653868739587.0,1653868739615.0,SHIB-USDT.BN
2022-05-30 00:00:00+00:00,1.248e-05,1.129e-05,1.15e-05,1.218e-05,8959417861847.0,1653955139345.0,1653955139375.0,SHIB-USDT.BN
2022-05-31 00:00:00+00:00,1.233e-05,1.148e-05,1.218e-05,1.171e-05,5500310122756.0,1654041538659.0,1654041538686.0,SHIB-USDT.BN
2022-06-01 00:00:00+00:00,1.192e-05,1.052e-05,1.174e-05,1.088e-05,5511791492833.0,1654127935926.0,1654127935955.0,SHIB-USDT.BN
2022-06-02 00:00:00+00:00,1.131e-05,1.072e-05,1.09e-05,1.121e-05,3193903293269.0,1654214338766.0,1654214338794.0,SHIB-USDT.BN
2022-06-03 00:00:00+00:00,1.125e-05,1.053e-05,1.121e-05,1.081e-05,3375462850035.0,1654300733957.0,1654300733986.0,SHIB-USDT.BN
2022-06-04 00:00:00+00:00,1.093e-05,1.056e-05,1.081e-05,1.088e-05,1765804605940.0,1654387129590.0,1654387129619.0,SHIB-USDT.BN
2022-06-05 00:00:00+00:00,1.098e-05,1.068e-05,1.089e-05,1.083e-05,1687742156615.0,1654473525330.0,1654473525359.0,SHIB-USDT.BN
2022-06-06 00:00:00+00:00,1.141e-05,1.078e-05,1.082e-05,1.106e-05,3673633948218.0,1654559935042.0,1654559935070.0,SHIB-USDT.BN
2022-06-07 00:00:00+00:00,1.12e-05,1.02e-05,1.106e-05,1.074e-05,4869279630711.0,1654646334598.0,1654646334627.0,SHIB-USDT.BN
2022-06-08 00:00:00+00:00,1.092e-05,1.052e-05,1.072e-05,1.059e-05,2689000122477.0,1654732738761.0,1654732738789.0,SHIB-USDT.BN
2022-06-09 00:00:00+00:00,1.077e-05,1.042e-05,1.059e-05,1.057e-05,2196264036908.0,1654819138655.0,1654819138684.0,SHIB-USDT.BN
2022-06-10 00:00:00+00:00,1.066e-05,1e-05,1.058e-05,1.013e-05,3050815631202.0,1654905539967.0,1654905539994.0,SHIB-USDT.BN
2022-06-11 00:00:00+00:00,1.036e-05,9.12e-06,1.014e-05,9.31e-06,5167415470871.0,1654991938707.0,1654991938734.0,SHIB-USDT.BN
2022-06-12 00:00:00+00:00,9.49e-06,8.38e-06,9.36e-06,8.62e-06,8535062432185.0,1655078333859.0,1655078333885.0,SHIB-USDT.BN
2022-06-13 00:00:00+00:00,8.79e-06,7.42e-06,8.59e-06,8.03e-06,14016357467027.0,1655164736534.0,1655164736565.0,SHIB-USDT.BN
2022-06-14 00:00:00+00:00,8.55e-06,7.5e-06,8.06e-06,8.21e-06,9533217965833.0,1655251132193.0,1655251132224.0,SHIB-USDT.BN
2022-06-15 00:00:00+00:00,8.89e-06,7.6e-06,8.19e-06,8.81e-06,10013897226769.0,1655337538812.0,1655337538842.0,SHIB-USDT.BN
2022-06-16 00:00:00+00:00,8.96e-06,7.85e-06,8.83e-06,7.95e-06,6195578113969.0,1655423939203.0,1655423939233.0,SHIB-USDT.BN
2022-06-17 00:00:00+00:00,8.33e-06,7.94e-06,7.98e-06,8.17e-06,3459552562498.0,1655510337816.0,1655510337847.0,SHIB-USDT.BN
2022-06-18 00:00:00+00:00,8.27e-06,7.14e-06,8.18e-06,7.71e-06,6044980007609.0,1655596738950.0,1655596738982.0,SHIB-USDT.BN
2022-06-19 00:00:00+00:00,8.35e-06,7.39e-06,7.72e-06,8.23e-06,5401904551846.0,1655683133477.0,1655683133509.0,SHIB-USDT.BN
2022-06-20 00:00:00+00:00,8.34e-06,7.88e-06,8.22e-06,8.13e-06,4117057811554.0,1655769538258.0,1655769538290.0,SHIB-USDT.BN
2022-06-21 00:00:00+00:00,1.2e-05,8.01e-06,8.11e-06,1.064e-05,33261940195264.0,1655855939951.0,1655855939981.0,SHIB-USDT.BN
2022-06-22 00:00:00+00:00,1.084e-05,9.27e-06,1.065e-05,9.66e-06,24700832229708.0,1655942338991.0,1655942339023.0,SHIB-USDT.BN
2022-06-23 00:00:00+00:00,1.045e-05,9.61e-06,9.68e-06,1.029e-05,11902070677184.0,1656028797411.0,1656028797441.0,SHIB-USDT.BN
2022-06-24 00:00:00+00:00,1.126e-05,1.003e-05,1.029e-05,1.082e-05,12355572272754.0,1656115199265.0,1656115199293.0,SHIB-USDT.BN
2022-06-25 00:00:00+00:00,1.199e-05,1.071e-05,1.083e-05,1.18e-05,14857032085882.0,1656201598131.0,1656201598160.0,SHIB-USDT.BN
2022-06-26 00:00:00+00:00,1.214e-05,1.093e-05,1.18e-05,1.098e-05,9441669834150.0,1656287996857.0,1656287996888.0,SHIB-USDT.BN
2022-06-27 00:00:00+00:00,1.173e-05,1.076e-05,1.098e-05,1.108e-05,6578165183063.0,1656374399630.0,1656374399662.0,SHIB-USDT.BN
2022-06-28 00:00:00+00:00,1.12e-05,9.85e-06,1.107e-05,9.98e-06,7213777629443.0,1656460793349.0,1656460793380.0,SHIB-USDT.BN
2022-06-29 00:00:00+00:00,1.023e-05,9.53e-06,9.98e-06,1.021e-05,2744471705682.0,1656547199381.0,1656547199414.0,SHIB-USDT.BN
